Order_ID,Month,Product_Category,Region,Sales,Quantity,Profit,Customer_Age,Rating,Profit_Margin,Revenue_per_Unit
1001,Jul,Books,South,2646,4,1119,63,2,42.29,661.5
1002,Apr,Food,North,853,1,-180,54,5,-21.1,853.0
1003,Nov,Sports,West,2182,17,842,38,4,38.59,128.35
1004,Aug,Electronics,North,2874,8,1136,43,4,39.53,359.25
1005,May,Books,West,2996,2,-172,63,5,-5.74,1498.0
1006,Jul,Electronics,South,4285,8,284,53,4,6.63,535.62
1007,Oct,Sports,East,875,7,276,40,5,31.54,125.0
1008,Mar,Electronics,North,1725,2,1494,18,4,86.61,862.5
1009,Jul,Clothing,West,3169,3,410,68,2,12.94,1056.33
1010,Nov,Books,North,517,18,1443,57,4,279.11,28.72
1011,Nov,Books,West,214,12,1073,32,4,501.4,17.83
1012,Aug,Sports,North,716,1,942,38,4,131.56,716.0
1013,May,Clothing,West,4074,12,1129,64,2,27.71,339.5
1014,Apr,Food,West,3367,5,618,26,2,18.35,673.4
1015,Aug,Electronics,South,925,17,1340,26,3,144.86,54.41
1016,Aug,Home,West,1616,16,1104,27,3,68.32,101.0
1017,Mar,Electronics,South,3246,15,-183,69,4,-5.64,216.4
1018,Jun,Electronics,West,512,15,1479,43,3,288.87,34.13
1019,May,Food,East,828,5,-265,58,4,-32.0,165.6
1020,Feb,Electronics,East,3448,14,1469,52,4,42.6,246.29
1021,Aug,Clothing,East,2908,2,-167,69,4,-5.74,1454.0
1022,Dec,Clothing,West,775,11,1408,42,5,181.68,70.45
1023,Jun,Books,South,3565,19,-125,43,4,-3.51,187.63
1024,Feb,Sports,South,2604,7,982,28,5,37.71,372.0
1025,Dec,Home,West,3067,6,660,55,4,21.52,511.17
1026,May,Electronics,East,2886,2,1453,19,4,50.35,1443.0
1027,Jan,Electronics,East,1222,6,87,24,5,7.12,203.67
1028,Dec,Food,South,4179,18,1070,35,3,25.6,232.17
1029,Oct,Sports,East,1671,2,12,44,2,0.72,835.5
1030,Jun,Clothing,North,2243,18,819,51,5,36.51,124.61
1031,Dec,Home,South,1787,15,843,44,2,47.17,119.13
1032,Sep,Books,East,4232,19,417,34,5,9.85,222.74
1033,Jan,Clothing,South,3951,2,1095,60,4,27.71,1975.5
1034,Nov,Sports,North,3540,6,1355,61,5,38.28,590.0
1035,Nov,Books,South,3866,1,872,68,4,22.56,3866.0
1036,Oct,Food,South,2426,15,1363,41,4,56.18,161.73
1037,Dec,Food,South,3014,10,1302,42,5,43.2,301.4
1038,Dec,Electronics,South,4052,19,372,24,4,9.18,213.26
1039,Mar,Sports,North,695,17,752,69,5,108.2,40.88
1040,Dec,Home,West,828,5,-231,23,2,-27.9,165.6
1041,Jul,Books,South,1465,4,1351,41,4,92.22,366.25
1042,Apr,Clothing,South,4592,10,297,50,3,6.47,459.2
1043,Sep,Sports,East,798,17,814,66,4,102.01,46.94
1044,Mar,Sports,South,495,10,224,46,3,45.25,49.5
1045,May,Food,East,4271,17,688,60,5,16.11,251.24
1046,Mar,Electronics,West,4460,5,-496,39,5,-11.12,892.0
1047,Jul,Electronics,North,2602,2,350,43,5,13.45,1301.0
1048,May,Books,North,1919,6,902,45,3,47.0,319.83
1049,Sep,Food,West,817,2,-423,67,4,-51.77,408.5
1050,Jul,Sports,North,2882,13,933,38,4,32.37,221.69
1051,Feb,Home,West,3677,11,73,66,3,1.99,334.27
1052,Apr,Food,West,243,11,-369,24,4,-151.85,22.09
1053,Sep,Books,West,3240,16,100,34,4,3.09,202.5
1054,Dec,Books,North,4591,11,1272,37,4,27.71,417.36
1055,Feb,Food,East,3038,19,565,58,4,18.6,159.89
1056,Oct,Books,West,3736,15,-412,66,4,-11.03,249.07
1057,Sep,Food,South,3322,16,-99,37,2,-2.98,207.62
1058,Oct,Clothing,North,1267,11,-205,39,2,-16.18,115.18
1059,May,Food,West,2716,16,1363,45,1,50.18,169.75
1060,Feb,Food,West,1162,8,818,57,5,70.4,145.25
1061,Apr,Books,South,2256,4,115,66,1,5.1,564.0
1062,Dec,Books,East,3082,8,1049,24,2,34.04,385.25
1063,Dec,Electronics,East,3394,4,299,18,3,8.81,848.5
1064,Jul,Electronics,East,4829,3,1214,49,5,25.14,1609.67
1065,Dec,Clothing,West,1256,3,1160,30,5,92.36,418.67
1066,Aug,Electronics,West,832,18,-79,47,5,-9.5,46.22
1067,Mar,Food,West,4430,19,1388,40,4,31.33,233.16
1068,Jan,Books,North,4946,19,546,68,4,11.04,260.32
1069,Apr,Electronics,South,1053,5,74,36,2,7.03,210.6
1070,Feb,Electronics,West,2639,18,-358,49,5,-13.57,146.61
1071,Aug,Clothing,South,3424,10,492,47,5,14.37,342.4
1072,Apr,Sports,South,3401,6,164,46,4,4.82,566.83
1073,Feb,Clothing,East,1642,1,-356,66,5,-21.68,1642.0
1074,Jun,Food,North,1291,5,748,62,4,57.94,258.2
1075,Jun,Books,West,3093,9,506,46,4,16.36,343.67
1076,Oct,Clothing,East,2781,12,2,47,5,0.07,231.75
1077,Apr,Electronics,East,1317,14,1485,33,5,112.76,94.07
1078,Jun,Books,West,1640,2,1497,57,4,91.28,820.0
1079,Feb,Books,South,3336,17,320,36,4,9.59,196.24
1080,Oct,Electronics,East,2486,14,1139,35,2,45.82,177.57
1081,Dec,Clothing,South,3819,13,-397,18,4,-10.4,293.77
1082,Feb,Electronics,North,1488,9,1470,31,1,98.79,165.33
1083,Oct,Sports,South,1956,15,562,68,4,28.73,130.4
1084,Apr,Books,North,1465,15,1470,64,5,100.34,97.67
1085,Aug,Home,South,599,11,-303,67,4,-50.58,54.45
1086,Jul,Home,East,1780,16,1169,19,4,65.67,111.25
1087,Dec,Food,East,610,17,78,45,3,12.79,35.88
1088,Sep,Electronics,North,4412,4,-110,66,2,-2.49,1103.0
1089,Aug,Electronics,West,1424,1,702,67,4,49.3,1424.0
1090,May,Food,North,1255,8,1491,47,3,118.8,156.88
1091,Feb,Food,North,1927,17,53,55,2,2.75,113.35
1092,May,Food,South,3241,3,971,68,4,29.96,1080.33
1093,Aug,Books,South,3586,15,1023,21,5,28.53,239.07
1094,Oct,Sports,North,1910,15,538,18,4,28.17,127.33
1095,Sep,Electronics,East,3023,14,1146,25,2,37.91,215.93
1096,Dec,Books,South,2314,14,1192,46,4,51.51,165.29
1097,Dec,Food,West,4286,2,812,56,4,18.95,2143.0
1098,Dec,Electronics,South,813,13,-23,20,4,-2.83,62.54
1099,Sep,Books,South,3702,14,754,49,4,20.37,264.43
1100,Jan,Sports,West,4234,19,422,27,4,9.97,222.84
1101,Sep,Books,North,3622,7,-81,27,4,-2.24,517.43
1102,Jul,Sports,West,4368,3,-344,36,4,-7.88,1456.0
1103,Sep,Food,North,4848,15,49,63,5,1.01,323.2
1104,Aug,Sports,North,4949,14,964,51,4,19.48,353.5
1105,Jan,Electronics,North,1343,11,620,50,4,46.17,122.09
1106,Dec,Food,West,3809,15,520,40,4,13.65,253.93
1107,Aug,Electronics,North,1181,13,496,45,4,42.0,90.85
1108,Aug,Home,East,555,18,934,49,5,168.29,30.83
1109,Nov,Clothing,West,994,6,450,67,4,45.27,165.67
1110,Mar,Sports,East,1484,3,-212,24,4,-14.29,494.67
1111,Jan,Clothing,North,2058,19,777,46,4,37.76,108.32
1112,Aug,Clothing,South,3172,15,-305,25,4,-9.62,211.47
1113,Mar,Sports,North,2096,5,97,18,4,4.63,419.2
1114,Mar,Food,East,4385,10,1357,20,5,30.95,438.5
1115,Jan,Home,East,604,7,1045,41,4,173.01,86.29
1116,Nov,Electronics,West,1314,17,16,40,4,1.22,77.29
1117,May,Books,South,1631,7,1158,25,5,71.0,233.0
1118,Oct,Electronics,West,3540,12,1365,64,1,38.56,295.0
1119,Jul,Books,East,923,17,364,54,3,39.44,54.29
1120,Oct,Electronics,North,1028,13,641,20,4,62.35,79.08
1121,Sep,Sports,South,233,4,305,68,5,130.9,58.25
1122,Dec,Home,North,2205,10,1432,50,2,64.94,220.5
1123,Jul,Books,North,3727,3,682,45,1,18.3,1242.33
1124,Sep,Food,South,4880,9,314,64,2,6.43,542.22
1125,Aug,Electronics,West,1952,13,-273,25,2,-13.99,150.15
1126,Dec,Electronics,North,4275,18,1400,51,1,32.75,237.5
1127,Feb,Books,East,3033,15,-285,52,4,-9.4,202.2
1128,Jan,Food,North,3384,4,447,49,4,13.21,846.0
1129,Jul,Food,South,4398,15,1219,41,3,27.72,293.2
1130,Jul,Sports,South,2911,2,-486,31,4,-16.7,1455.5
1131,Aug,Sports,South,1350,15,680,49,2,50.37,90.0
1132,May,Sports,West,3612,8,1171,63,3,32.42,451.5
1133,Mar,Sports,North,1356,8,784,60,4,57.82,169.5
1134,Dec,Sports,West,3476,17,680,33,4,19.56,204.47
1135,Aug,Sports,West,3586,12,-454,21,1,-12.66,298.83
1136,Jun,Home,South,3684,19,-177,69,4,-4.8,193.89
1137,Nov,Food,South,1496,10,343,54,3,22.93,149.6
1138,Mar,Sports,West,3737,9,1208,38,5,32.33,415.22
1139,Jan,Food,North,3430,5,-371,31,4,-10.82,686.0
1140,Mar,Food,East,2803,6,934,48,4,33.32,467.17
1141,May,Clothing,West,570,2,-406,65,3,-71.23,285.0
1142,Mar,Home,North,1453,13,126,35,5,8.67,111.77
1143,Jan,Sports,South,2883,6,254,24,1,8.81,480.5
1144,May,Electronics,South,2931,5,1455,27,2,49.64,586.2
1145,Oct,Books,North,457,1,815,24,4,178.34,457.0
1146,Jul,Electronics,East,3119,6,293,50,2,9.39,519.83
1147,Jul,Home,South,767,6,1334,40,5,173.92,127.83
1148,Nov,Books,South,4568,16,806,38,5,17.64,285.5
1149,Sep,Home,South,1245,4,-432,36,3,-34.7,311.25
1150,Oct,Food,North,4285,11,1183,65,4,27.61,389.55
1151,Oct,Books,West,3819,9,-490,36,5,-12.83,424.33
1152,Dec,Food,South,2845,3,777,53,5,27.31,948.33
1153,Mar,Electronics,West,639,19,1365,46,4,213.62,33.63
1154,Jul,Electronics,East,2879,8,371,35,5,12.89,359.88
1155,Jan,Books,South,4236,5,49,19,5,1.16,847.2
1156,Apr,Books,South,4935,4,657,18,4,13.31,1233.75
1157,Apr,Sports,East,3875,6,211,64,2,5.45,645.83
1158,May,Home,South,2608,2,-478,22,4,-18.33,1304.0
1159,Jul,Sports,West,2879,11,314,37,5,10.91,261.73
1160,Jul,Home,North,1024,4,-155,28,3,-15.14,256.0
1161,Nov,Sports,West,3056,15,-199,59,5,-6.51,203.73
1162,Apr,Food,North,1681,6,-138,19,2,-8.21,280.17
1163,Jul,Books,North,3424,17,-105,20,1,-3.07,201.41
1164,Nov,Electronics,West,4585,6,-283,40,4,-6.17,764.17
1165,Mar,Home,West,355,19,-360,29,1,-101.41,18.68
1166,Jun,Home,West,4904,2,1139,37,5,23.23,2452.0
1167,Dec,Electronics,West,1938,15,457,22,5,23.58,129.2
1168,Feb,Sports,East,2044,11,733,54,5,35.86,185.82
1169,Oct,Home,South,109,8,484,55,4,444.04,13.62
1170,Sep,Food,North,2971,19,492,47,3,16.56,156.37
1171,May,Books,West,897,13,1146,26,4,127.76,69.0
1172,Jun,Electronics,West,1115,12,1139,51,4,102.15,92.92
1173,Dec,Books,West,1924,5,327,61,4,17.0,384.8
1174,Dec,Home,East,4569,6,182,52,3,3.98,761.5
1175,Dec,Home,West,3236,4,983,69,4,30.38,809.0
1176,Dec,Electronics,West,2293,19,503,39,4,21.94,120.68
1177,Apr,Food,West,323,1,-145,61,5,-44.89,323.0
1178,Nov,Clothing,South,4258,17,507,41,5,11.91,250.47
1179,Oct,Electronics,East,4025,12,847,34,4,21.04,335.42
1180,Jul,Clothing,West,4884,15,656,27,4,13.43,325.6
1181,Dec,Sports,North,4100,1,387,47,4,9.44,4100.0
1182,Sep,Clothing,North,1733,14,1328,63,1,76.63,123.79
1183,Jul,Food,North,2252,6,1363,40,5,60.52,375.33
1184,Jan,Sports,East,610,5,-374,49,5,-61.31,122.0
1185,Jan,Clothing,East,484,11,629,34,4,129.96,44.0
1186,Sep,Sports,North,504,4,508,67,4,100.79,126.0
1187,Nov,Clothing,West,4713,13,103,68,3,2.19,362.54
1188,Sep,Food,East,4671,11,1322,34,4,28.3,424.64
1189,Apr,Clothing,North,2100,3,901,31,1,42.9,700.0
1190,Sep,Clothing,North,2856,1,1428,26,5,50.0,2856.0
1191,Mar,Clothing,West,1768,6,513,57,1,29.02,294.67
1192,Jul,Electronics,South,1560,18,-450,19,3,-28.85,86.67
1193,Jun,Electronics,East,3736,10,552,62,5,14.78,373.6
1194,Aug,Electronics,West,2824,5,985,42,4,34.88,564.8
1195,Nov,Food,North,4909,10,819,56,3,16.68,490.9
1196,Sep,Sports,North,4278,12,820,26,3,19.17,356.5
1197,May,Home,West,2148,2,1249,39,1,58.15,1074.0
1198,Jan,Clothing,East,4246,13,278,60,4,6.55,326.62
1199,Mar,Clothing,South,4880,8,930,63,1,19.06,610.0
1200,Oct,Food,South,816,2,1292,21,4,158.33,408.0
